id,name,ext
face_M_F0003_IND_M_39_90_CAM,F0003-M,jpg
face_M_F0003_AGE_M_39_a2,F0003-M,jpg
face_M_F0003_GM_M_D_68-39-14_01,F0003-M,jpg
face_GM_F0003_GM_M_D_68-39-14_02,F0003-GM,jpg
face_M_F0003_IND_M_39_0_01,F0003-M,jpg
face_M_F0001_IND_M_45_-90_01,F0001-M,jpg
face_GM_F0003_GM_M_D_68-39-14_05,F0003-GM,jpg
face_M_F0003_IND_M_39_-90_03,F0003-M,jpg
face_M_F0001_GM_M_D_75-45-18_04,F0001-M,jpg
face_D_F0001_IND_D_18_0_05,F0001-D,jpg
face_GM_F0001_GM_M_D_75-45-18_07,F0001-GM,jpg
face_M_F0003_IND_M_39_-15_CAM,F0003-M,jpg
face_D_F0001_IND_D_18_-90_03,F0001-D,jpg
face_GM_F0001_IND_GM_75_0_04,F0001-GM,jpg
face_D_F0001_IND_D_18_0_02,F0001-D,jpg
face_M_F0003_IND_M_39_-30_CAM,F0003-M,jpg
face_GM_F0003_IND_GM_68_90_CAM,F0003-GM,jpg
face_GM_F0001_IND_GM_75_90_CAM,F0001-GM,jpg
face_D_F0001_IND_D_18_-45_01,F0001-D,jpg
face_GM_F0003_IND_GM_68_-45_03,F0003-GM,jpg
face_D_F0001_IND_D_18_-45_03,F0001-D,jpg
face_M_F0003_IND_M_39_0_02,F0003-M,jpg
face_GM_F0001_GM_M_D_75-45-18_04,F0001-GM,jpg
face_D_F0001_IND_D_18_90_01,F0001-D,jpg
face_GM_F0003_IND_GM_68_0_CAM,F0003-GM,jpg
face_M_F0003_GM_M_D_68-39-14_07,F0003-M,jpg
face_D_F0001_GM_M_D_75-45-18_07,F0001-D,jpg
face_GM_F0001_IND_GM_75_-90_01,F0001-GM,jpg
face_GM_F0003_GM_M_D_68-39-14_04,F0003-GM,jpg
face_GM_F0001_IND_GM_75_0_03,F0001-GM,jpg
face_M_F0003_GM_M_D_68-39-14_05,F0003-M,jpg
face_D_F0001_IND_D_18_-90_01,F0001-D,jpg
face_GM_F0001_IND_GM_75_0_01,F0001-GM,jpg
face_GM_F0003_IND_GM_68_-90_03,F0003-GM,jpg
face_D_F0001_IND_D_18_60_CAM,F0001-D,jpg
face_GM_F0001_GM_M_D_75-45-18_01,F0001-GM,jpg
face_M_F0003_IND_M_39_45_01,F0003-M,jpg
face_GM_F0001_AGE_GM_75_f3,F0001-GM,jpg
face_D_F0001_IND_D_18_-90_CAM,F0001-D,jpg
face_GM_F0003_IND_GM_68_90_01,F0003-GM,jpg
face_M_F0003_GM_M_D_68-39-14_09,F0003-M,jpg
face_GM_F0003_GM_M_D_68-39-14_01,F0003-GM,jpg
face_D_F0001_IND_D_18_0_CAM,F0001-D,jpg
face_M_F0003_IND_M_39_90_01,F0003-M,jpg
face_GM_F0001_IND_GM_75_-15_CAM,F0001-GM,jpg
face_GM_F0001_AGE_GM_75_e2,F0001-GM,jpg
face_GM_F0003_IND_GM_68_45_01,F0003-GM,jpg
face_M_F0003_AGE_M_39_e2,F0003-M,jpg
face_D_F0001_IND_D_18_45_01,F0001-D,jpg
face_GM_F0003_IND_GM_68_30_CAM,F0003-GM,jpg
face_M_F0003_AGE_M_39_e3,F0003-M,jpg
face_GM_F0001_IND_GM_75_45_03,F0001-GM,jpg
face_GM_F0003_AGE_GM_68_f2,F0003-GM,jpg
face_GM_F0001_IND_GM_75_0_CAM,F0001-GM,jpg
face_M_F0003_GM_M_D_68-39-14_08,F0003-M,jpg
face_GM_F0001_AGE_GM_75_f1,F0001-GM,jpg
face_GM_F0003_IND_GM_68_-45_04,F0003-GM,jpg
face_D_F0001_IND_D_18_30_CAM,F0001-D,jpg
face_GM_F0001_IND_GM_75_-60_CAM,F0001-GM,jpg
face_GM_F0003_AGE_GM_68_f3,F0003-GM,jpg
face_M_F0003_AGE_M_39_d1,F0003-M,jpg
face_D_F0001_AGE_D_18_b2,F0001-D,jpg
face_GM_F0003_IND_GM_68_-45_CAM,F0003-GM,jpg
face_D_F0001_GM_M_D_75-45-18_06,F0001-D,jpg
face_M_F0003_GM_M_D_68-39-14_06,F0003-M,jpg
face_GM_F0001_IND_GM_75_-45_CAM,F0001-GM,jpg
face_GM_F0003_IND_GM_68_-30_CAM,F0003-GM,jpg
face_GM_F0001_GM_M_D_75-45-18_02,F0001-GM,jpg
face_M_F0003_AGE_M_39_a1,F0003-M,jpg
face_D_F0001_IND_D_18_45_03,F0001-D,jpg
face_GM_F0003_IND_GM_68_0_04,F0003-GM,jpg
face_M_F0003_IND_M_39_0_CAM,F0003-M,jpg
face_GM_F0001_GM_M_D_75-45-18_06,F0001-GM,jpg
face_D_F0001_GM_M_D_75-45-18_01,F0001-D,jpg
face_M_F0003_AGE_M_39_c3,F0003-M,jpg
face_GM_F0001_AGE_GM_75_d1,F0001-GM,jpg
face_D_F0001_IND_D_18_15_CAM,F0001-D,jpg
face_M_F0003_AGE_M_39_b2,F0003-M,jpg
face_GM_F0003_IND_GM_68_-15_CAM,F0003-GM,jpg
face_GM_F0001_IND_GM_75_-90_02,F0001-GM,jpg
face_M_F0003_GM_M_D_68-39-14_03,F0003-M,jpg
face_GM_F0003_IND_GM_68_-90_04,F0003-GM,jpg
face_GM_F0001_IND_GM_75_-45_04,F0001-GM,jpg
face_D_F0001_GM_M_D_75-45-18_09,F0001-D,jpg
face_M_F0003_IND_M_39_90_02,F0003-M,jpg
face_GM_F0003_GM_M_D_68-39-14_07,F0003-GM,jpg
face_GM_F0001_AGE_GM_75_e1,F0001-GM,jpg
face_D_F0001_GM_M_D_75-45-18_08,F0001-D,jpg
face_M_F0003_IND_M_39_0_04,F0003-M,jpg
face_GM_F0003_IND_GM_68_-60_CAM,F0003-GM,jpg
face_GM_F0001_IND_GM_75_0_05,F0001-GM,jpg
face_M_F0003_IND_M_39_45_04,F0003-M,jpg
face_GM_F0003_IND_GM_68_0_03,F0003-GM,jpg
face_GM_F0001_AGE_GM_75_d2,F0001-GM,jpg
face_M_F0003_IND_M_39_-90_02,F0003-M,jpg
face_D_F0001_IND_D_18_-45_04,F0001-D,jpg
face_GM_F0003_IND_GM_68_-45_02,F0003-GM,jpg
face_GM_F0001_IND_GM_75_-90_CAM,F0001-GM,jpg
face_M_F0003_AGE_M_39_c1,F0003-M,jpg
face_D_F0001_AGE_D_18_a4,F0001-D,jpg
face_GM_F0001_IND_GM_75_-45_03,F0001-GM,jpg
face_D_F0003_AGE_D_14_a7,F0003-D,jpg
face_GM_F0003_IND_GM_68_60_CAM,F0003-GM,jpg
face_M_F0003_IND_M_39_90_04,F0003-M,jpg
face_GM_F0001_IND_GM_75_45_01,F0001-GM,jpg
face_M_F0003_AGE_M_39_c2,F0003-M,jpg
face_D_F0003_IND_D_14_0_05,F0003-D,jpg
face_GM_F0003_IND_GM_68_45_CAM,F0003-GM,jpg
face_M_F0003_AGE_M_39_d2,F0003-M,jpg
face_GM_F0001_IND_GM_75_45_04,F0001-GM,jpg
face_GM_F0003_AGE_GM_68_g2,F0003-GM,jpg
face_D_F0003_AGE_D_14_a3,F0003-D,jpg
face_GM_F0003_AGE_GM_68_g1,F0003-GM,jpg
face_M_F0003_AGE_M_39_b3,F0003-M,jpg
face_GM_F0003_IND_GM_68_0_05,F0003-GM,jpg
face_GM_F0001_GM_M_D_75-45-18_08,F0001-GM,jpg
face_M_F0003_IND_M_39_45_CAM,F0003-M,jpg
face_D_F0003_IND_D_14_-90_CAM,F0003-D,jpg
face_GM_F0003_IND_GM_68_-90_01,F0003-GM,jpg
face_M_F0003_IND_M_39_-45_04,F0003-M,jpg
face_GM_F0001_IND_GM_75_45_CAM,F0001-GM,jpg
face_GM_F0001_AGE_GM_75_g2,F0001-GM,jpg
face_M_F0001_IND_M_45_15_CAM,F0001-M,jpg
face_D_F0003_IND_D_14_0_CAM,F0003-D,jpg
face_GM_F0001_IND_GM_75_45_02,F0001-GM,jpg
face_M_F0003_IND_M_39_15_CAM,F0003-M,jpg
face_D_F0003_IND_D_14_-60_CAM,F0003-D,jpg
face_GM_F0001_IND_GM_75_-45_02,F0001-GM,jpg
face_D_F0003_IND_D_14_0_01,F0003-D,jpg
face_M_F0003_GM_M_D_68-39-14_04,F0003-M,jpg
face_M_F0001_IND_M_45_-90_03,F0001-M,jpg
face_M_F0003_IND_M_39_-45_01,F0003-M,jpg
face_D_F0003_IND_D_14_-90_04,F0003-D,jpg
face_M_F0001_GM_M_D_75-45-18_08,F0001-M,jpg
face_GM_F0001_GM_M_D_75-45-18_09,F0001-GM,jpg
face_D_F0003_IND_D_14_30_CAM,F0003-D,jpg
face_M_F0003_IND_M_39_60_CAM,F0003-M,jpg
face_GM_F0001_IND_GM_75_-30_CAM,F0001-GM,jpg
face_M_F0001_AGE_M_45_d2,F0001-M,jpg
face_D_F0003_AGE_D_14_c2,F0003-D,jpg
face_M_F0003_IND_M_39_-90_CAM,F0003-M,jpg
face_M_F0001_IND_M_45_-90_02,F0001-M,jpg
face_GM_F0001_IND_GM_75_-45_01,F0001-GM,jpg
face_M_F0003_IND_M_39_30_CAM,F0003-M,jpg
face_M_F0001_IND_M_45_90_02,F0001-M,jpg
face_D_F0003_GM_M_D_68-39-14_04,F0003-D,jpg
face_M_F0003_IND_M_39_-90_04,F0003-M,jpg
face_GM_F0001_IND_GM_75_0_02,F0001-GM,jpg
face_M_F0003_IND_M_39_-60_CAM,F0003-M,jpg
face_M_F0001_IND_M_45_0_05,F0001-M,jpg
face_D_F0003_AGE_D_14_a2,F0003-D,jpg
face_M_F0003_AGE_M_39_b1,F0003-M,jpg
face_D_F0003_IND_D_14_45_01,F0003-D,jpg
face_M_F0001_IND_M_45_0_02,F0001-M,jpg
face_D_F0003_IND_D_14_-30_CAM,F0003-D,jpg
face_GM_F0001_IND_GM_75_60_CAM,F0001-GM,jpg
face_M_F0001_AGE_M_45_c2,F0001-M,jpg
face_D_F0003_GM_M_D_68-39-14_02,F0003-D,jpg
face_M_F0003_IND_M_39_-90_01,F0003-M,jpg
face_M_F0001_IND_M_45_90_04,F0001-M,jpg
face_GM_F0001_IND_GM_75_90_02,F0001-GM,jpg
face_M_F0003_IND_M_39_-45_03,F0003-M,jpg
face_D_F0003_AGE_D_14_b3,F0003-D,jpg
face_M_F0001_IND_M_45_0_04,F0001-M,jpg
face_M_F0003_IND_M_39_45_03,F0003-M,jpg
face_D_F0003_IND_D_14_0_02,F0003-D,jpg
face_GM_F0001_IND_GM_75_30_CAM,F0001-GM,jpg
face_M_F0001_IND_M_45_90_03,F0001-M,jpg
face_M_F0003_GM_M_D_68-39-14_02,F0003-M,jpg
face_M_F0003_IND_M_39_0_03,F0003-M,jpg
face_GM_F0001_AGE_GM_75_g1,F0001-GM,jpg
face_D_F0003_IND_D_14_0_04,F0003-D,jpg
face_M_F0003_IND_M_39_0_05,F0003-M,jpg
face_D_F0003_IND_D_14_90_01,F0003-D,jpg
face_GM_F0001_IND_GM_75_90_01,F0001-GM,jpg
face_M_F0003_AGE_M_39_e1,F0003-M,jpg
face_M_F0001_IND_M_45_-90_CAM,F0001-M,jpg
face_GM_F0001_GM_M_D_75-45-18_05,F0001-GM,jpg
face_D_F0003_AGE_D_14_a6,F0003-D,jpg
face_GM_F0001_IND_GM_75_15_CAM,F0001-GM,jpg
face_M_F0001_GM_M_D_75-45-18_07,F0001-M,jpg
face_M_F0003_IND_M_39_-45_CAM,F0003-M,jpg
face_D_F0003_AGE_D_14_a1,F0003-D,jpg
face_D_F0001_AGE_D_18_c3,F0001-D,jpg
face_D_F0003_IND_D_14_15_CAM,F0003-D,jpg
face_M_F0001_IND_M_45_-90_04,F0001-M,jpg
face_M_F0003_IND_M_39_90_03,F0003-M,jpg
face_D_F0003_IND_D_14_-45_04,F0003-D,jpg
face_M_F0001_IND_M_45_90_CAM,F0001-M,jpg
face_D_F0001_AGE_D_18_a2,F0001-D,jpg
face_GM_F0003_IND_GM_68_45_03,F0003-GM,jpg
face_D_F0003_GM_M_D_68-39-14_07,F0003-D,jpg
face_GM_F0003_AGE_GM_68_e2,F0003-GM,jpg
face_D_F0003_IND_D_14_90_04,F0003-D,jpg
face_M_F0001_IND_M_45_30_CAM,F0001-M,jpg
face_GM_F0003_AGE_GM_68_h2,F0003-GM,jpg
face_D_F0001_IND_D_18_0_01,F0001-D,jpg
face_D_F0003_AGE_D_14_a5,F0003-D,jpg
face_M_F0001_AGE_M_45_e1,F0001-M,jpg
face_D_F0001_GM_M_D_75-45-18_05,F0001-D,jpg
face_GM_F0003_IND_GM_68_15_CAM,F0003-GM,jpg
face_D_F0003_IND_D_14_90_03,F0003-D,jpg
face_M_F0001_GM_M_D_75-45-18_02,F0001-M,jpg
face_D_F0001_IND_D_18_-90_04,F0001-D,jpg
face_GM_F0003_IND_GM_68_-45_01,F0003-GM,jpg
face_M_F0001_IND_M_45_45_04,F0001-M,jpg
face_D_F0001_IND_D_18_45_CAM,F0001-D,jpg
face_D_F0003_AGE_D_14_c1,F0003-D,jpg
face_GM_F0003_IND_GM_68_90_03,F0003-GM,jpg
face_GM_F0003_AGE_GM_68_e1,F0003-GM,jpg
face_D_F0001_IND_D_18_-45_02,F0001-D,jpg
face_M_F0001_IND_M_45_0_01,F0001-M,jpg
face_D_F0001_IND_D_18_0_03,F0001-D,jpg
face_D_F0003_GM_M_D_68-39-14_06,F0003-D,jpg
face_M_F0001_IND_M_45_90_01,F0001-M,jpg
face_GM_F0003_IND_GM_68_90_04,F0003-GM,jpg
face_D_F0001_IND_D_18_-60_CAM,F0001-D,jpg
face_D_F0003_IND_D_14_45_04,F0003-D,jpg
face_D_F0001_IND_D_18_0_04,F0001-D,jpg
face_M_F0001_IND_M_45_-45_03,F0001-M,jpg
face_D_F0001_IND_D_18_45_02,F0001-D,jpg
face_D_F0003_IND_D_14_0_03,F0003-D,jpg
face_M_F0001_IND_M_45_-15_CAM,F0001-M,jpg
face_GM_F0003_GM_M_D_68-39-14_09,F0003-GM,jpg
face_D_F0003_AGE_D_14_a4,F0003-D,jpg
face_M_F0001_AGE_M_45_d3,F0001-M,jpg
face_D_F0001_AGE_D_18_b1,F0001-D,jpg
face_D_F0003_GM_M_D_68-39-14_09,F0003-D,jpg
face_M_F0001_GM_M_D_75-45-18_05,F0001-M,jpg
face_D_F0001_AGE_D_18_c1,F0001-D,jpg
face_GM_F0003_GM_M_D_68-39-14_06,F0003-GM,jpg
face_D_F0003_IND_D_14_90_CAM,F0003-D,jpg
face_D_F0001_IND_D_18_-15_CAM,F0001-D,jpg
face_D_F0003_IND_D_14_45_03,F0003-D,jpg
face_GM_F0003_IND_GM_68_90_02,F0003-GM,jpg
face_D_F0001_IND_D_18_-90_02,F0001-D,jpg
face_M_F0001_IND_M_45_45_02,F0001-M,jpg
face_GM_F0003_IND_GM_68_0_01,F0003-GM,jpg
face_D_F0003_GM_M_D_68-39-14_01,F0003-D,jpg
face_GM_F0003_AGE_GM_68_f1,F0003-GM,jpg
face_D_F0001_GM_M_D_75-45-18_04,F0001-D,jpg
face_M_F0001_IND_M_45_-45_04,F0001-M,jpg
face_D_F0003_GM_M_D_68-39-14_03,F0003-D,jpg
face_D_F0001_AGE_D_18_a1,F0001-D,jpg
face_GM_F0003_IND_GM_68_-90_02,F0003-GM,jpg
face_D_F0003_IND_D_14_-45_01,F0003-D,jpg
face_M_F0001_AGE_M_45_e2,F0001-M,jpg
face_D_F0003_IND_D_14_-90_01,F0003-D,jpg
face_D_F0001_AGE_D_18_a3,F0001-D,jpg
face_GM_F0003_IND_GM_68_0_02,F0003-GM,jpg
face_D_F0001_AGE_D_18_c2,F0001-D,jpg
face_D_F0003_IND_D_14_-45_02,F0003-D,jpg
face_M_F0001_AGE_M_45_b1,F0001-M,jpg
face_GM_F0003_IND_GM_68_-90_CAM,F0003-GM,jpg
face_D_F0001_IND_D_18_90_03,F0001-D,jpg
face_M_F0001_IND_M_45_0_CAM,F0001-M,jpg
face_M_F0001_IND_M_45_45_03,F0001-M,jpg
face_D_F0001_IND_D_18_45_04,F0001-D,jpg
face_D_F0003_IND_D_14_-90_03,F0003-D,jpg
face_GM_F0003_GM_M_D_68-39-14_08,F0003-GM,jpg
face_D_F0001_IND_D_18_90_02,F0001-D,jpg
face_GM_F0003_IND_GM_68_45_04,F0003-GM,jpg
face_M_F0001_IND_M_45_-45_CAM,F0001-M,jpg
face_D_F0001_GM_M_D_75-45-18_02,F0001-D,jpg
face_M_F0001_GM_M_D_75-45-18_06,F0001-M,jpg
face_GM_F0003_AGE_GM_68_e3,F0003-GM,jpg
face_D_F0003_IND_D_14_60_CAM,F0003-D,jpg
face_D_F0001_IND_D_18_90_CAM,F0001-D,jpg
face_M_F0001_AGE_M_45_b2,F0001-M,jpg
face_D_F0003_GM_M_D_68-39-14_08,F0003-D,jpg
face_GM_F0003_GM_M_D_68-39-14_03,F0003-GM,jpg
face_D_F0001_IND_D_18_-30_CAM,F0001-D,jpg
face_D_F0001_IND_D_18_-45_CAM,F0001-D,jpg
face_D_F0003_IND_D_14_-45_CAM,F0003-D,jpg
face_GM_F0003_AGE_GM_68_h1,F0003-GM,jpg
face_M_F0001_IND_M_45_-60_CAM,F0001-M,jpg
face_D_F0001_IND_D_18_90_04,F0001-D,jpg
face_M_F0001_GM_M_D_75-45-18_09,F0001-M,jpg
face_D_F0003_IND_D_14_45_CAM,F0003-D,jpg
face_D_F0003_GM_M_D_68-39-14_05,F0003-D,jpg
face_M_F0001_IND_M_45_45_CAM,F0001-M,jpg
face_D_F0003_AGE_D_14_b1,F0003-D,jpg
face_M_F0001_GM_M_D_75-45-18_01,F0001-M,jpg
face_D_F0003_IND_D_14_-15_CAM,F0003-D,jpg
face_M_F0001_IND_M_45_-45_02,F0001-M,jpg
face_D_F0003_IND_D_14_-45_03,F0003-D,jpg
face_M_F0001_IND_M_45_0_03,F0001-M,jpg
face_D_F0003_IND_D_14_45_02,F0003-D,jpg
face_D_F0003_AGE_D_14_b2,F0003-D,jpg
face_M_F0001_AGE_M_45_c1,F0001-M,jpg
face_M_F0001_IND_M_45_60_CAM,F0001-M,jpg
face_M_F0001_IND_M_45_-30_CAM,F0001-M,jpg
